Country,Country_Code,Year,VoC,PubSpGDP,PrivSpGDP,GDP,Stud_Tot,IntStud_Tot,IntStud_NonEU,IntRatioUNESCO,IntRatioOECD,IntRatioComb,IntRatioNonEU,IntRatioComb_dummy,PubSpGDPLag,PrivSpGDPLag,Corporate_Governance,InterFirm_Relations,Firm_Hierarchy,Employment_Relations,Occupational_Training,CoIndex,PubStu,PriStu,PubStu2,PriStu2
Australië,AUS,2008,LME,0.6902357,0.8455202,851983.13,2517590.9,230635,,,,,,,0.737,0.886,0.08,0.17,0,0.33,0.07,0.13,233.5840871,286.1342351,233.5840871,286.1342351
Australië,AUS,2009,LME,0.7358844,0.8842098,902680.372,2435350,257637,,,,,,,0.781,0.9,0.08,0.17,0,0.33,0.07,0.13,272.76096,327.7388594,272.76096,327.7388594
Australië,AUS,2010,LME,0.7797844,0.8982216,942676.08,2353109.1,271231,,,22.082,22.082,22.082,0,0.745,0.888,0.08,0.17,0,0.33,0.07,0.13,312.3884487,359.8354266,312.3884487,359.8354266
Australië,AUS,2011,LME,0.7440488,0.8866872,992327.38,2270868.2,262597,,,19.829,19.829,19.829,0,0.721,0.883,0.08,0.17,0,0.33,0.07,0.13,325.1355567,387.4658979,325.1355567,387.4658979
Australië,AUS,2012,LME,0.7194145,0.8814196,997527.347,2188627.3,249588,,,18.295,18.295,18.295,0,0.72,0.975,0.08,0.17,0,0.33,0.07,0.13,327.8930303,401.7313296,327.8930303,401.7313296
Australië,AUS,2013,LME,0.7188712,0.9729807,1104626.135,2106386.4,249868,,,17.97,17.97,17.97,0,0.718,1.135,0.08,0.17,0,0.33,0.07,0.13,376.9887212,510.2482194,376.9887212,510.2482194
Australië,AUS,2014,LME,0.7170264,1.132889,1118494.158,2024145.5,266048,,,18.309,18.309,18.309,0,0.769,1.265,0.08,0.17,0,0.33,0.07,0.13,396.2115567,626.0072352,396.2115567,626.0072352
Australië,AUS,2015,LME,0.7682429,1.263057,1126907.643,1903454,294438,,15.46861653,15.469,15.469,15.469,0,,,0.08,0.17,0,0.33,0.07,0.13,454.8251734,747.7714654,454.8251734,747.7714654
Australië,AUS,2016,LME,0.755106,1.15544,1215297.461,1918625,335512,,17.48710665,17.487,17.487,17.487,0,,,0.08,0.17,0,0.33,0.07,0.13,478.300035,731.8800174,478.300035,731.8800174
Australië,AUS,2017,LME,0.7273703,1.283928,1251095.561,1774852,381202,,21.47795985,21.478,21.478,21.478,0,,,0.08,0.17,0,0.33,0.07,0.13,512.7243024,905.0425734,512.7243024,905.0425734
Australië,AUS,2018,LME,0.6545624,1.226749,1326164.114,1677242,444514,,26.50267523,26.503,26.503,26.503,0,,,0.08,0.17,0,0.33,0.07,0.13,517.5503387,969.9676616,517.5503387,969.9676616
Canada,CAN,2008,LME,1.524971,0.9002502,1342396.613,1445149,93479,,6.468467957,,,,,1.522,1.169,0.1,0.19,0,0.22,0.05,0.112,1416.543142,836.2409823,1416.543142,836.2409823
Canada,CAN,2009,LME,1.480583,1.136901,1307953.077,1447618,95590,,6.603261358,,,,,1.49,1.107,0.1,0.19,0,0.22,0.05,0.112,1337.737643,1027.213782,1337.737643,1027.213782
Canada,CAN,2010,LME,1.578337,1.172812,1364079.668,1430169,106284,,7.431569276,,,,,1.354,1.113,0.1,0.19,0,0.22,0.05,0.112,1505.400698,1118.615355,1505.400698,1118.615355
Canada,CAN,2011,LME,1.426457,1.172401,1430807.125,1482243,120960,,8.160605245,,,,,1.295,1.181,0.1,0.19,0,0.22,0.05,0.112,1376.956976,1131.717069,1376.956976,1131.717069
Canada,CAN,2012,LME,1.326726,0.9234227,1468094.965,1505424,135187,,8.979995005,8.035,8.035,8.035,0,1.238,1.262,0.1,0.19,0,0.22,0.05,0.112,1293.828025,900.5251786,1293.828025,900.5251786
Canada,CAN,2013,LME,1.281192,0.9894004,1554122.745,1555449,151244,,9.723494631,9.723,9.723,9.723,0,1.207,1.284,0.1,0.19,0,0.22,0.05,0.112,1280.09959,988.5567869,1280.09959,988.5567869
Canada,CAN,2014,LME,1.238263,1.006665,1621396.709,1577766,164274,,10.41181012,9.508,9.508,9.508,0,1.201,1.239,0.1,0.19,0,0.22,0.05,0.112,1272.505272,1034.502783,1272.505272,1034.502783
Canada,CAN,2015,LME,1.19926,0.920499,1594850.842,1564125,171603,,10.97118197,10.967,10.967,10.967,0,,,0.1,0.19,0,0.22,0.05,0.112,1222.818394,938.5813827,1222.818394,938.5813827
Canada,CAN,2016,LME,1.249911,1.096771,1678093.396,1593383,189478,,11.89155401,11.892,11.892,11.892,0,,,0.1,0.19,0,0.22,0.05,0.112,1316.361098,1155.079584,1316.361098,1155.079584
Canada,CAN,2017,LME,1.248397,1.065671,1765763.154,1625578,209979,,12.91719007,12.917,12.917,12.917,0,,,0.1,0.19,0,0.22,0.05,0.112,1356.055153,1157.571391,1356.055153,1157.571391
Canada,CAN,2018,LME,1.217783,1.108996,1862154.108,1622693,224548.3073,,13.83800308,13.838,13.838,13.838,0,,,0.1,0.19,0,0.22,0.05,0.112,1397.491464,1272.650746,1397.491464,1272.650746
Ierland,IRL,2008,LME,1.105962,0.233771,198655.442,178518,12794,7909,7.166784302,,7.166784302,4.430365565,1,1.264,0.245,0.29,0.06,0.05,0.41,0.04,0.17,1230.718303,260.1411697,1230.718303,260.1411697
Ierland,IRL,2009,LME,1.266234,0.2450147,188520.754,182609,12937,8151,7.084535811,,7.084535811,4.463635418,1,1.167,0.269,0.29,0.06,0.05,0.41,0.04,0.17,1307.226853,252.946766,1307.226853,252.946766
Ierland,IRL,2010,LME,1.166036,0.2691193,197529.445,194009,13489,8533,6.952770232,,6.952770232,4.398249566,1,1.097,0.266,0.29,0.06,0.05,0.41,0.04,0.17,1187.194635,274.0026801,1187.194635,274.0026801
Ierland,IRL,2011,LME,1.103075,0.2676199,205590.143,196321,21018,6380,10.70593569,,10.70593569,3.249779698,1,1.145,0.225,0.29,0.06,0.05,0.41,0.04,0.17,1155.155826,280.255365,1155.155826,280.255365
Ierland,IRL,2012,LME,1.148231,0.2255739,212744.231,192647,11100,6225,5.76183382,,5.76183382,3.231298697,1,0.927,0.265,0.29,0.06,0.05,0.41,0.04,0.17,1268.016222,249.1061158,1268.016222,249.1061158
Ierland,IRL,2013,LME,0.9301711,0.2663633,221412.808,199428,12861,8483,6.44894398,6.449,6.449,4.253665483,0,0.822,0.285,0.29,0.06,0.05,0.41,0.04,0.17,1032.712534,295.7270103,1032.712534,295.7270103
Ierland,IRL,2014,LME,0.8198135,0.2839396,238264.091,203912,14268,10219,6.997136019,6.99,6.99,5.011475538,0,0.603,0.216,0.29,0.06,0.05,0.41,0.04,0.17,957.9236061,331.7735626,957.9236061,331.7735626
Ierland,IRL,2015,LME,0.6781964,0.2972077,324635.968,214632,15815,11124,7.368425957,7.368,7.368,5.182824556,0,,,0.29,0.06,0.05,0.41,0.04,0.17,1025.788069,449.5336641,1025.788069,449.5336641
Ierland,IRL,2016,LME,0.6650653,0.2846197,340945.9,218411,17883,12379,8.187774425,8.188,8.188,5.667754829,0,,,0.29,0.06,0.05,0.41,0.04,0.17,1038.186205,444.2995993,1038.186205,444.2995993
Ierland,IRL,2017,LME,0.6086942,0.2623595,378128.166,225031,19983,13957,8.880109852,8.88,8.88,6.202256578,0,,,0.29,0.06,0.05,0.41,0.04,0.17,1022.812064,440.8526673,1022.812064,440.8526673
Ierland,IRL,2018,LME,0.5951987,0.2412226,413286.508,231201,22283,16007,9.637934092,9.638,9.638,6.923412961,0,,,0.29,0.06,0.05,0.41,0.04,0.17,1063.955572,431.2007561,1063.955572,431.2007561
Nieuw-Zeeland,NZL,2008,LME,,,127057.687,,31565,,,,,,,,,0.61,0.35,0,0.22,0.04,0.244,,,,
Nieuw-Zeeland,NZL,2009,LME,,,132091.564,,38351,,,,,,,,,0.61,0.35,0,0.22,0.04,0.244,,,,
Nieuw-Zeeland,NZL,2010,LME,,,135912.366,,37878,,,14.685,14.685,14.685,0,,,0.61,0.35,0,0.22,0.04,0.244,,,,
Nieuw-Zeeland,NZL,2011,LME,,,143362.869,,40854,,,15.603,15.603,15.603,0,,,0.61,0.35,0,0.22,0.04,0.244,,,,
Nieuw-Zeeland,NZL,2012,LME,0.9774413,0.8883821,145417.047,,40995,,,15.836,15.836,15.836,0,0.898,0.832,0.61,0.35,0,0.22,0.04,0.244,,,,
Nieuw-Zeeland,NZL,2013,LME,0.9518765,0.8820315,160992.629,256608.2678,41352.8,,16.11514717,16.088,16.088,16.088,0,0.912,0.875,0.61,0.35,0,0.22,0.04,0.244,597.1947105,553.3748824,597.1947105,553.3748824
Nieuw-Zeeland,NZL,2014,LME,0.9480806,0.9096891,168435.427,260846.6802,48891.97854,,18.7435694,18.73,18.73,18.73,0,0.906,0.85,0.61,0.35,0,0.22,0.04,0.244,612.2000884,587.409707,612.2000884,587.409707
Nieuw-Zeeland,NZL,2015,LME,0.9428613,0.8847108,172758.809,270074.2157,57091.02798,,21.13901464,21.139,21.139,21.139,0,,,0.61,0.35,0,0.22,0.04,0.244,603.121608,565.9243839,603.121608,565.9243839
Nieuw-Zeeland,NZL,2016,LME,0.8808058,0.8600245,188355.645,271450.7201,53854.2432,,19.83941807,19.839,19.839,19.839,0,,,0.61,0.35,0,0.22,0.04,0.244,611.1781341,596.758297,611.1781341,596.758297
Nieuw-Zeeland,NZL,2017,LME,0.8773146,0.8500092,203544.585,268645.6583,52678.46756,,19.60890338,19.609,19.609,19.609,0,,,0.61,0.35,0,0.22,0.04,0.244,664.7143949,644.0259298,664.7143949,644.0259298
Nieuw-Zeeland,NZL,2018,LME,0.9115545,0.7978834,215287.748,267796.1809,52702.40063,,19.68004191,19.68,19.68,19.68,0,,,0.61,0.35,0,0.22,0.04,0.244,732.8204415,641.4375284,732.8204415,641.4375284
Verenigd Koninkrijk,GBR,2008,LME,,,2264898.174,2329494,341791,221612,14.67232798,,14.67232798,9.513310616,1,,,0.01,0.07,0,0.22,0.05,0.07,,,,
Verenigd Koninkrijk,GBR,2009,LME,,,2182383.458,2415222,368968,243455,15.27677373,,15.27677373,10.08002577,1,,,0.01,0.07,0,0.22,0.05,0.07,,,,
Verenigd Koninkrijk,GBR,2010,LME,,,2288742.51,2479197,389958,266758,15.72920587,16.043,16.043,10.7598549,0,,,0.01,0.07,0,0.22,0.05,0.07,,,,
Verenigd Koninkrijk,GBR,2011,LME,,0.7412083,2351301.204,2492284,419946,283902,16.84984536,16.85,16.85,11.39123792,0,,0.721,0.01,0.07,0,0.22,0.05,0.07,,699.2798446,,699.2798446
Verenigd Koninkrijk,GBR,2012,LME,0.9694689,0.7337456,2439691.339,2495779,427686,293239,17.13637305,17.136,17.136,11.74939768,0,0.983,0.732,0.01,0.07,0,0.22,0.05,0.07,947.6820178,717.2561294,947.6820178,717.2561294
Verenigd Koninkrijk,GBR,2013,LME,0.5979457,1.161775,2560720.871,2386199,416693,289746,17.46262571,17.463,17.463,12.14257486,0,0.472,1.22,0.01,0.07,0,0.22,0.05,0.07,641.6782648,1246.744924,641.6782648,1246.744924
Verenigd Koninkrijk,GBR,2014,LME,0.4845195,1.253249,2667371.06,2352932.782,428724,311546,18.22083501,18.245,18.245,13.24075224,0,0.467,1.334,0.01,0.07,0,0.22,0.05,0.07,549.2691089,1420.729117,549.2691089,1420.729117
Verenigd Koninkrijk,GBR,2015,LME,0.474295,1.355184,2771840.354,2330334.479,430833,303934,18.48803267,18.484,18.484,13.04250539,0,,,0.01,0.07,0,0.22,0.05,0.07,564.155074,1611.93757,564.155074,1611.93757
Verenigd Koninkrijk,GBR,2016,LME,0.5172315,1.288514,2896753.121,2387280.167,432001,312644,18.09594894,18.161,18.161,13.09624251,0,,,0.01,0.07,0,0.22,0.05,0.07,627.6146314,1563.497659,627.6146314,1563.497659
Verenigd Koninkrijk,GBR,2017,LME,0.4954092,1.391297,3021843.667,2431886.377,435734,300363,17.91753119,17.918,17.918,12.35102934,0,,,0.01,0.07,0,0.22,0.05,0.07,615.5917349,1728.815157,615.5917349,1728.815157
Verenigd Koninkrijk,GBR,2018,LME,0.4985198,1.446891,3133332.404,2467086.412,452079,312873,18.32440882,18.324,18.324,12.6818825,0,,,0.01,0.07,0,0.22,0.05,0.07,633.1469525,1837.629372,633.1469525,1837.629372
Verenigde Staten,USA,2008,LME,1.05253,1.494617,14712845,17637149.49,624474,,,,,,,1.084,1.583,0.01,0.07,0,0.19,0.05,0.064,878.0166407,1246.803984,878.0166407,1246.803984
Verenigde Staten,USA,2009,LME,1.083226,1.581827,14448932,18420371.74,660581,,,,,,,1.075,1.613,0.01,0.07,0,0.19,0.05,0.064,849.6820277,1240.784446,849.6820277,1240.784446
Verenigde Staten,USA,2010,LME,1.07283,1.610243,14992052,19680168.14,684807,,,3.456,3.456,3.456,0,1.071,1.67,0.01,0.07,0,0.19,0.05,0.064,817.2655353,1226.658564,817.2655353,1226.658564
Verenigde Staten,USA,2011,LME,1.069639,1.667389,15542582,20406748.38,709565,,,3.48,3.48,3.48,0,1.044,1.718,0.01,0.07,0,0.19,0.05,0.064,814.6791227,1269.949027,814.6791227,1269.949027
Verenigde Staten,USA,2012,LME,1.042084,1.7146,16197007,20338387.34,740482,,,3.635,3.635,3.635,0,0.951,1.667,0.01,0.07,0,0.19,0.05,0.064,829.8908642,1365.46658,829.8908642,1365.46658
Verenigde Staten,USA,2013,LME,0.9472973,1.660496,16784851,19953612.31,784427,,,3.866,3.866,3.866,0,0.92,1.729,0.01,0.07,0,0.19,0.05,0.064,796.8604272,1396.79861,796.8604272,1396.79861
Verenigde Staten,USA,2014,LME,0.9152557,1.71909,17527258,19700221,842384,,4.276012944,4.21,4.21,4.21,0,0.907,1.669,0.01,0.07,0,0.19,0.05,0.064,814.3016665,1529.471875,814.3016665,1529.471875
Verenigde Staten,USA,2015,LME,0.9014688,1.659181,18238301,19531727.01,907251,,4.645011675,4.645,4.645,4.645,0,,,0.01,0.07,0,0.19,0.05,0.064,841.7719184,1549.307057,841.7719184,1549.307057
Verenigde Staten,USA,2016,LME,0.8944778,1.658353,18745075,19288423.51,971417.0195,,5.036269652,5.036,5.036,5.036,0,,,0.01,0.07,0,0.19,0.05,0.064,869.2806562,1611.637745,869.2806562,1611.637745
Verenigde Staten,USA,2017,LME,0.9062651,1.673643,19542980,19014530.09,984897.6084,,5.179710482,5.18,5.18,5.18,0,,,0.01,0.07,0,0.19,0.05,0.064,931.4519284,1720.156718,931.4519284,1720.156718
Verenigde Staten,USA,2018,LME,0.8992977,1.623795,20611861,18941967.42,987313.6528,,5.212307838,5.212,5.212,5.212,0,,,0.01,0.07,0,0.19,0.05,0.064,978.578348,1766.946172,978.578348,1766.946172
Oostenrijk,AUT,2008,CME,,,343812.976,334378,53396.25,17924.83333,15.96882869,,,5.360649723,,,,0.9,0.63,0.95,0.75,0.9,0.826,,,,
Oostenrijk,AUT,2009,CME,,,341644.307,345812,59705,20118,17.26516142,,,5.817611882,,,,0.9,0.63,0.95,0.75,0.9,0.826,,,,
Oostenrijk,AUT,2010,CME,,,351610.069,385499,68619,21846.5,17.80004617,14.972,14.972,5.667070472,0,,,0.9,0.63,0.95,0.75,0.9,0.826,,,,
Oostenrijk,AUT,2011,CME,,,373031.477,400158,70558,21738,17.63253515,13.18,13.18,5.43235422,0,,,0.9,0.63,0.95,0.75,0.9,0.826,,,,
Oostenrijk,AUT,2012,CME,1.661568,0.0848139,391635.176,413482,58056,15502,14.04075631,13.939,13.939,3.749135392,0,1.649,0.094,0.9,0.63,0.95,0.75,0.9,0.826,1573.777035,80.33265451,1573.777035,80.33265451
Oostenrijk,AUT,2013,CME,1.644516,0.0941667,406370.245,422778.225,70852.25,18293.04366,16.75872734,16.759,16.759,4.326865145,0,1.615,0.095,0.9,0.63,0.95,0.75,0.9,0.826,1580.692501,90.51209993,1580.692501,90.51209993
Oostenrijk,AUT,2014,CME,1.614541,0.0952197,417059.519,421224.8167,65164.97133,16483.21215,15.47035425,15.47,15.47,3.913162638,0,1.633,0.109,0.9,0.63,0.95,0.75,0.9,0.826,1598.57555,94.27811636,1598.57555,94.27811636
Oostenrijk,AUT,2015,CME,1.634081,0.1085892,430975.924,425971.698,67691.3463,17638.37955,15.89104314,15.891,15.891,4.14073978,0,,,0.9,0.63,0.95,0.75,0.9,0.826,1653.27784,109.8648831,1653.27784,109.8648831
Oostenrijk,AUT,2016,CME,1.631474,0.1120239,460282.647,431124.9548,70483.49518,19059.02609,16.34873936,16.349,16.349,4.420766155,0,,,0.9,0.63,0.95,0.75,0.9,0.826,1741.813279,119.6002612,1741.813279,119.6002612
Oostenrijk,AUT,2017,CME,1.560812,0.1525076,476563.995,430370.3972,73964.3448,20492.76654,17.18620641,17.186,17.186,4.761658021,0,,,0.9,0.63,0.95,0.75,0.9,0.826,1728.340999,168.8769293,1728.340999,168.8769293
Oostenrijk,AUT,2018,CME,1.551971,0.1828677,504354.99,430195.275,75258.93305,21440.7095,17.49413288,17.494,17.494,4.983948162,0,,,0.9,0.63,0.95,0.75,0.9,0.826,1819.509334,214.3915621,1819.509334,214.3915621
België,BEL,2008,CME,1.128475,0.125309,405729.43,401652,29844,583,7.430312808,,,0.145150528,,1.218,0.137,0.83,0.45,0.4,0.86,0.7,0.648,1139.930882,126.5810929,1139.930882,126.5810929
België,BEL,2009,CME,1.226435,0.1382482,407862.461,425219,33951,6281,7.984356296,,,1.477121201,,1.202,0.135,0.83,0.45,0.4,0.86,0.7,0.648,1176.374521,132.6052013,1176.374521,132.6052013
België,BEL,2010,CME,1.208465,0.1357874,434412.544,445309,36126,10519,8.112569025,7.464,7.464,2.362179969,0,1.205,0.133,0.83,0.45,0.4,0.86,0.7,0.648,1178.894554,132.4647601,1178.894554,132.4647601
België,BEL,2011,CME,1.214926,0.1338093,451932.625,462419,37866,11832,8.188677368,8.358,8.358,2.558718392,0,1.22,0.137,0.83,0.45,0.4,0.86,0.7,0.648,1187.374862,130.7748778,1187.374862,130.7748778
België,BEL,2012,CME,1.23873,0.1881216,469720.336,477712,42914,13035,8.983236762,9.162,9.162,2.728631477,0,1.264,0.146,0.83,0.45,0.4,0.86,0.7,0.648,1218.007234,184.9745059,1218.007234,184.9745059
België,BEL,2013,CME,1.276725,0.198055,487343.796,488488,48748,13231,9.979364897,9.979,9.979,2.70856193,0,1.259,0.168,0.83,0.45,0.4,0.86,0.7,0.648,1273.734479,197.5910882,1273.734479,197.5910882
België,BEL,2014,CME,1.267146,0.2019454,503619.623,495910,55516,14287,11.19477325,11.195,11.195,2.880966304,0,1.223,0.209,0.83,0.45,0.4,0.86,0.7,0.648,1286.845578,205.0849271,1286.845578,205.0849271
België,BEL,2015,CME,1.221587,0.1996522,520877.807,504745,56453,13783,11.18445948,11.19,11.19,2.730685792,0,,,0.83,0.45,0.4,0.86,0.7,0.648,1260.63172,206.0335419,1260.63172,206.0335419
België,BEL,2016,CME,1.231372,0.2148424,550677.566,508270,61102,15920,12.02156334,12.022,12.022,3.132193519,0,,,0.83,0.45,0.4,0.86,0.7,0.648,1334.111665,232.7678004,1334.111665,232.7678004
België,BEL,2017,CME,1.253102,0.2112494,573788.528,526760,44978,21256,8.53861341,8.653,8.653,4.035234262,0,,,0.83,0.45,0.4,0.86,0.7,0.648,1364.977508,230.1095039,1364.977508,230.1095039
België,BEL,2018,CME,1.268133,0.2008392,601777.448,515530,53896,12290,10.45448374,10.454,10.454,2.383954377,0,,,0.83,0.45,0.4,0.86,0.7,0.648,1480.289877,234.4393173,1480.289877,234.4393173
Denemarken,DNK,2008,CME,1.515695,0.0708416,226767.494,230707,6389,1904,2.769313458,,,0.82528922,,1.701,0.081,0.61,0.36,0.73,0.3,0.17,0.434,1489.813299,69.63192319,1489.813299,69.63192319
Denemarken,DNK,2009,CME,1.701416,0.0814899,222918.17,234574,12582,3355,5.363765805,,,1.430252287,,1.688,0.089,0.61,0.36,0.73,0.3,0.17,0.434,1616.873742,77.44071969,1616.873742,77.44071969
Denemarken,DNK,2010,CME,1.68758,0.0889162,238749.494,240536,18131,4338,7.537749027,7.573,7.573,1.803472245,0,1.696,0.098,0.61,0.36,0.73,0.3,0.17,0.434,1675.046027,88.2558027,1675.046027,88.2558027
Denemarken,DNK,2011,CME,1.695767,0.097861,247352.237,258932,20252,3882,7.821358503,7.757,7.757,1.49923532,0,1.469,,0.61,0.36,0.73,0.3,0.17,0.434,1619.930178,93.48453364,1619.930178,93.48453364
Denemarken,DNK,2012,CME,1.468818,,250524.599,275009,22361,3794,8.131006622,8.112,8.112,1.379591213,0,1.54,0.099,0.61,0.36,0.73,0.3,0.17,0.434,1338.047266,,1338.047266,
Denemarken,DNK,2013,CME,1.540204,0.0990549,262368.12,291147,29480,6528,10.12546926,10.125,10.125,2.242166328,0,1.562,0.087,0.61,0.36,0.73,0.3,0.17,0.434,1387.96013,89.26366368,1387.96013,89.26366368
Denemarken,DNK,2014,CME,1.56226,0.0872719,270330.607,301399,29941,6591,9.934007744,9.935,9.935,2.186802212,0,,,0.61,0.36,0.73,0.3,0.17,0.434,1401.221285,78.27585925,1401.221285,78.27585925
Denemarken,DNK,2015,CME,,,278748.365,313756,32264,6819,10.28314996,10.283,10.283,2.173344892,0,,,0.61,0.36,0.73,0.3,0.17,0.434,,,,
Denemarken,DNK,2016,CME,1.622559,0.1686125,297719.06,314822,34034,7335,10.81055327,10.811,10.811,2.329888,0,,,0.61,0.36,0.73,0.3,0.17,0.434,1534.412272,159.4525002,1534.412272,159.4525002
Denemarken,DNK,2017,CME,1.404021,0.1782735,319130.165,312379,33602,7561,10.75680503,10.757,10.757,2.420457201,0,,,0.61,0.36,0.73,0.3,0.17,0.434,1434.364837,182.126364,1434.364837,182.126364
Denemarken,DNK,2018,CME,1.407623,0.2075922,332918.429,310903,33288,7918,10.70687642,10.707,10.707,2.546775039,0,,,0.61,0.36,0.73,0.3,0.17,0.434,1507.298539,222.2920625,1507.298539,222.2920625
Finland,FIN,2008,CME,1.537551,0.0736556,212980.742,309648,11303,7896,3.650273859,,,2.549992249,,1.734,0.077,0.4,0.14,0.73,0.36,0.19,0.364,1057.551648,50.66147477,1057.551648,50.66147477
Finland,FIN,2009,CME,1.727368,0.0762863,202878.3,296691,12596,9224,4.245494471,,,3.108958479,,1.767,0.075,0.4,0.14,0.73,0.36,0.19,0.364,1181.180027,52.16482757,1181.180027,52.16482757
Finland,FIN,2010,CME,1.757051,0.074282,209096.826,303554,14097,10518,4.643984266,5.955,5.955,3.46495187,0,1.786,0.077,0.4,0.14,0.73,0.36,0.19,0.364,1210.307844,51.16760256,1210.307844,51.16760256
Finland,FIN,2011,CME,1.775771,0.0762511,220471.171,308336,15707,11816,5.094118105,5.961,5.961,3.832183073,0,1.777,0.071,0.4,0.14,0.73,0.36,0.19,0.364,1269.739219,54.52223972,1269.739219,54.52223972
Finland,FIN,2012,CME,1.695554,0.0701564,221285.636,308924,17636,13454,5.708847484,6.523,6.523,4.355116469,0,1.738,0.071,0.4,0.14,0.73,0.36,0.19,0.364,1214.543853,50.25379573,1214.543853,50.25379573
Finland,FIN,2013,CME,1.659276,0.0706135,225679.983,309009,21859,13923,7.073903996,7.074,7.074,4.505694009,0,1.713,0.062,0.4,0.14,0.73,0.36,0.19,0.364,1211.826774,51.57148652,1211.826774,51.57148652
Finland,FIN,2014,CME,1.629648,0.0619807,228058.636,306080,22757,14568,7.434984318,7.435,7.435,4.75953999,0,1.606,0.059,0.4,0.14,0.73,0.36,0.19,0.364,1214.242355,46.18150124,1214.242355,46.18150124
Finland,FIN,2015,CME,1.592316,0.0585163,232867.602,302478,23142,14901,7.650804356,7.651,7.651,4.92630869,0,,,0.4,0.14,0.73,0.36,0.19,0.364,1225.870339,45.04972414,1225.870339,45.04972414
Finland,FIN,2016,CME,1.537382,0.056618,246928.493,297163,23197,15079,7.806153525,7.806,7.806,5.074319481,0,,,0.4,0.14,0.73,0.36,0.19,0.364,1277.49222,47.04689822,1277.49222,47.04689822
Finland,FIN,2017,CME,1.435572,0.0547928,262026.563,295528,24168,15907,8.177905308,8.178,8.178,5.382569503,0,,,0.4,0.14,0.73,0.36,0.19,0.364,1272.833698,48.5814172,1272.833698,48.5814172
Finland,FIN,2018,CME,1.396231,0.0580042,274425.751,294516,23714,15073,8.051854568,8.052,8.052,5.117888332,0,,,0.4,0.14,0.73,0.36,0.19,0.364,1300.987861,54.047475,1300.987861,54.047475
Duitsland,DEU,2008,CME,0.9259072,0.144459,3103958.247,2486638.291,116894.3,,,,,,,,,0.36,0.63,0.95,0.74,0.83,0.702,1155.768131,180.3216439,1155.768131,180.3216439
Duitsland,DEU,2009,CME,,,3017520.905,2553591.015,132748.4,,,,,,,1.015,0.161,0.36,0.63,0.95,0.74,0.83,0.702,,,,
Duitsland,DEU,2010,CME,1.021222,0.161536,3187863.278,2620543.738,148602.5,,,8.897,8.897,,0,1.028,0.159,0.36,0.63,0.95,0.74,0.83,0.702,1242.305581,196.5068069,1242.305581,196.5068069
Duitsland,DEU,2011,CME,1.031522,0.1593914,3415019.966,2687496.462,164456.6,,,7.159,7.159,,0,1.026,0.169,0.36,0.63,0.95,0.74,0.83,0.702,1310.761996,202.5397321,1310.761996,202.5397321
Duitsland,DEU,2012,CME,1.030683,0.170022,3487234.448,2754449.186,180310.7,,,6.986,6.986,,0,1.02,0.171,0.36,0.63,0.95,0.74,0.83,0.702,1304.882763,215.2541344,1304.882763,215.2541344
Duitsland,DEU,2013,CME,1.025923,0.1719194,3628559.337,2780012.874,196619,109637,7.072593147,7.073,7.073,3.943758715,0,1.032,0.171,0.36,0.63,0.95,0.74,0.83,0.702,1339.066634,224.3945522,1339.066634,224.3945522
Duitsland,DEU,2014,CME,1.033898,0.1715096,3807114.521,2912203.435,210542,134844,7.22964603,8.211,8.211,4.630308391,0,1.012,0.187,0.36,0.63,0.95,0.74,0.83,0.702,1351.61165,224.2139683,1351.61165,224.2139683
Duitsland,DEU,2015,CME,1.018219,0.1881391,3889081.896,2977781,228756,149262,7.682096165,7.682,7.682,5.012524427,0,,,0.36,0.63,0.95,0.74,0.83,0.702,1329.828177,245.715977,1329.828177,245.715977
Duitsland,DEU,2016,CME,1.014411,0.1881889,4165169.905,3043084,244575,161491,8.03707686,8.037,8.037,5.306820318,0,,,0.36,0.63,0.95,0.74,0.83,0.702,1388.457949,257.5803832,1388.457949,257.5803832
Duitsland,DEU,2017,CME,1.010298,0.1849652,4376927.671,3091694,258873,174733,8.373176647,8.373,8.373,5.651691273,0,,,0.36,0.63,0.95,0.74,0.83,0.702,1430.284262,261.8562193,1430.284262,261.8562193
Duitsland,DEU,2018,CME,1.035235,0.1842325,4556073.246,3127927,311738,183840,9.966281182,9.966,9.966,5.877375015,0,,,0.36,0.63,0.95,0.74,0.83,0.702,1507.901715,268.349218,1507.901715,268.349218
Nederland,NLD,2008,CME,0.9983744,0.3988578,763407.575,602286,30052,5012,4.989656077,,,0.832162793,,1.102,0.449,0.4,0.28,0.8,0.7,0.26,0.488,1265.456244,505.5589303,1265.456244,505.5589303
Nederland,NLD,2009,CME,1.089515,0.443901,737085.619,618502,23674,4961,3.827635157,,,0.802099266,,1.134,0.446,0.4,0.28,0.8,0.7,0.26,0.488,1298.404594,529.0088688,1298.404594,529.0088688
Nederland,NLD,2010,CME,1.120781,0.4406379,748993.689,650905,27968,5362,4.296786781,4.409,4.409,0.823776127,0,1.138,0.47,0.4,0.28,0.8,0.7,0.26,0.488,1289.678057,507.0402075,1289.678057,507.0402075
Nederland,NLD,2011,CME,1.125165,0.4643128,777880.907,780014,38367,9327,4.918757868,5.744,5.744,1.195747769,0,1.157,0.484,0.4,0.28,0.8,0.7,0.26,0.488,1122.088028,463.0430505,1122.088028,463.0430505
Nederland,NLD,2012,CME,1.143302,0.4779881,792041.828,793678,57506,14939,7.245507624,8.459,8.459,1.882249476,0,1.167,0.493,0.4,0.28,0.8,0.7,0.26,0.488,1140.945076,477.0027246,1140.945076,477.0027246
Nederland,NLD,2013,CME,1.153453,0.4873702,827475.788,770253.2522,68943,15233,,10.218,10.218,,0,1.172,0.505,0.4,0.28,0.8,0.7,0.26,0.488,1239.143655,523.577199,1239.143655,523.577199
Nederland,NLD,2014,CME,1.15734,0.4984067,830318.43,796808.4602,70692,15164,,10.067,10.067,,0,1.165,0.505,0.4,0.28,0.8,0.7,0.26,0.488,1206.01221,519.3673126,1206.01221,519.3673126
Nederland,NLD,2015,CME,1.154288,0.5002406,851884.697,842601,86189,16819,10.22892211,10.229,10.229,1.996081182,0,,,0.4,0.28,0.8,0.7,0.26,0.488,1167.005834,505.752203,1167.005834,505.752203
Nederland,NLD,2016,CME,1.143769,0.4984915,890488.555,836946,89920,18417,10.74382338,10.744,10.744,2.200500391,0,,,0.4,0.28,0.8,0.7,0.26,0.488,1216.940166,530.3818592,1216.940166,530.3818592
Nederland,NLD,2017,CME,1.128303,0.5024751,943739.619,875455,96289,20396,10.9987378,10.999,10.999,2.329759953,0,,,0.4,0.28,0.8,0.7,0.26,0.488,1216.309511,541.6676579,1216.309511,541.6676579
Nederland,NLD,2018,CME,1.135061,0.4837937,997729.784,889506,104015,23261,11.69356924,11.769,11.769,2.615047004,0,,,0.4,0.28,0.8,0.7,0.26,0.488,1273.160795,542.6555681,1273.160795,542.6555681
Noorwegen,NOR,2008,CME,1.506286,0.0483295,294277.831,212672,16104,7133,7.572223894,,,3.353991122,,1.593,0.065,0.79,0.44,0.73,0.59,0.13,0.536,2084.273327,66.87434375,2084.273327,66.87434375
Noorwegen,NOR,2009,CME,1.595239,0.0647854,267535.443,219282,17507,7776,7.983783439,,,3.546118696,,1.559,0.065,0.79,0.44,0.73,0.59,0.13,0.536,1946.274535,79.04155694,1946.274535,79.04155694
Noorwegen,NOR,2010,CME,1.560369,0.0650013,283400.011,224706,15737,7568,7.003373297,2.796,2.796,3.367956352,0,1.544,0.066,0.79,0.44,0.73,0.59,0.13,0.536,1967.942964,81.97987208,1967.942964,81.97987208
Noorwegen,NOR,2011,CME,1.545856,0.0661557,307471.57,229743,16628,8103,7.237652507,2.806,2.806,3.5269845,0,1.516,0.061,0.79,0.44,0.73,0.59,0.13,0.536,2068.862909,88.53804879,2068.862909,88.53804879
Noorwegen,NOR,2012,CME,1.518847,0.0612403,327987.716,238224,18454,8396,7.746490698,3.056,3.056,3.524413997,0,1.54,0.063,0.79,0.44,0.73,0.59,0.13,0.536,2091.154369,84.31587969,2091.154369,84.31587969
Noorwegen,NOR,2013,CME,1.542566,0.0635415,340137.933,255416,9234,6187,3.615278604,3.615,3.615,2.422322799,0,1.607,0.062,0.79,0.44,0.73,0.59,0.13,0.536,2054.237835,84.61832645,2054.237835,84.61832645
Noorwegen,NOR,2014,CME,1.610815,0.0622004,338506.045,264207,9240,6114,3.497257832,3.565,3.565,2.31409463,0,1.669,0.07,0.79,0.44,0.73,0.59,0.13,0.536,2063.800788,79.69210279,2063.800788,79.69210279
Noorwegen,NOR,2015,CME,1.673187,0.0701508,313230.601,268231,9731,6071,3.627843165,3.628,3.628,2.263347637,0,,,0.79,0.44,0.73,0.59,0.13,0.536,1953.88814,81.91960379,1953.88814,81.91960379
Noorwegen,NOR,2016,CME,1.791,0.1127209,308522.085,277449,10880,6831,3.921441418,3.921,3.921,2.462074111,0,,,0.79,0.44,0.73,0.59,0.13,0.536,1991.584234,125.345152,1991.584234,125.345152
Noorwegen,NOR,2017,CME,1.789086,0.1374188,337993.785,284042,8955,5493,3.152702769,3.153,3.153,1.933868935,0,,,0.79,0.44,0.73,0.59,0.13,0.536,2128.910333,163.5205369,2128.910333,163.5205369
Noorwegen,NOR,2018,CME,1.81049,0.121766,370296.235,288739,12216,7445,4.230810524,4.258,4.258,2.578453205,0,,,0.79,0.44,0.73,0.59,0.13,0.536,2321.881112,156.1600316,2321.881112,156.1600316
Zweden,SWE,2008,CME,1.278797,0.157081,388684.19,406879,22653,8641,5.567502869,,5.567502869,2.123727201,1,1.446,0.165,0.3,0.22,0.73,0.6,0.41,0.452,1221.611772,150.0566538,1221.611772,150.0566538
Zweden,SWE,2009,CME,1.423215,0.1619195,374814.888,422580,27040,15013,6.398788395,,6.398788395,3.55270008,1,1.45,0.15,0.3,0.22,0.73,0.6,0.41,0.452,1262.345996,143.6173961,1262.345996,143.6173961
Zweden,SWE,2010,CME,1.428514,0.147639,396283.62,455025,31534,19000,6.930168672,6.93,6.93,4.175594748,0,1.421,0.166,0.3,0.22,0.73,0.6,0.41,0.452,1244.100212,128.5795668,1244.100212,128.5795668
Zweden,SWE,2011,CME,1.39363,0.1631238,421515.998,463530,36522,22337,7.879101676,,7.879101676,4.818889824,1,1.444,0.174,0.3,0.22,0.73,0.6,0.41,0.452,1267.312451,148.3383845,1267.312451,148.3383845
Zweden,SWE,2012,CME,1.421708,0.1712326,432488.303,453328,28629,16499,6.315294886,,6.315294886,3.639528112,1,1.455,0.17,0.3,0.22,0.73,0.6,0.41,0.452,1356.351428,163.3609585,1356.351428,163.3609585
Zweden,SWE,2013,CME,1.435052,0.1674765,444616.544,436603,25437,12110,5.826116632,5.826,5.826,2.773686851,0,1.442,0.177,0.3,0.22,0.73,0.6,0.41,0.452,1461.39138,170.5504145,1461.39138,170.5504145
Zweden,SWE,2014,CME,1.42181,0.1741444,457507.758,429444,25361,11092,5.905542981,5.906,5.906,2.582874601,0,1.372,0.183,0.3,0.22,0.73,0.6,0.41,0.452,1514.723935,185.5245713,1514.723935,185.5245713
Zweden,SWE,2015,CME,1.352481,0.1800118,481170.723,428557,26672,11863,6.223676197,6.193,6.193,2.768126527,0,,,0.3,0.22,0.73,0.6,0.41,0.452,1518.524398,202.1117563,1518.524398,202.1117563
Zweden,SWE,2016,CME,1.347826,0.1868567,500423.665,426188,28029,12309,6.576675082,6.577,6.577,2.888162032,0,,,0.3,0.22,0.73,0.6,0.41,0.452,1582.597414,219.4043817,1582.597414,219.4043817
Zweden,SWE,2017,CME,1.316297,0.1817807,522476.825,426354,28747,12382,6.742519127,6.743,6.743,2.904159454,0,,,0.3,0.22,0.73,0.6,0.41,0.452,1613.060221,222.7637198,1613.060221,222.7637198
Zweden,SWE,2018,CME,1.311506,0.1808502,544916.384,431065,30912,13663,7.171076288,7.171,7.171,3.169591593,0,,,0.3,0.22,0.73,0.6,0.41,0.452,1657.896389,228.6157239,1657.896389,228.6157239
Zwitserland,CHE,2008,CME,1.019329,,413714.827,224469,31706,9900,14.1248903,,14.1248903,4.410408564,1,1.166,,0.18,0.28,0.27,0.57,0.74,0.408,1878.707175,,1878.707175,
Zwitserland,CHE,2009,CME,1.131189,,413468.607,233488,34847,10525,14.92453574,,14.92453574,4.507726307,1,1.164,,0.18,0.28,0.27,0.57,0.74,0.408,2003.148513,,2003.148513,
Zwitserland,CHE,2010,CME,1.126291,,429590.099,248639,38195,11432,15.36162871,16.823,16.823,4.59783059,0,1.201,,0.18,0.28,0.27,0.57,0.74,0.408,1945.967697,,1945.967697,
Zwitserland,CHE,2011,CME,1.163338,,458820.075,257696,41803,12475,16.22182727,16.226,16.226,4.840975413,0,1.232,,0.18,0.28,0.27,0.57,0.74,0.408,2071.28876,,2071.28876,
Zwitserland,CHE,2012,CME,1.188925,,479280.805,269573,44468,13156,16.4957173,16.501,16.501,4.880310714,0,1.234,,0.18,0.28,0.27,0.57,0.74,0.408,2113.82049,,2113.82049,
Zwitserland,CHE,2013,CME,1.192015,,503360.433,279832,47142,13384,16.84653649,16.859,16.859,4.782869722,0,1.283,,0.18,0.28,0.27,0.57,0.74,0.408,2144.190752,,2144.190752,
Zwitserland,CHE,2014,CME,1.239107,,524917.015,289722,49552,13829,17.10329212,17.107,17.107,4.773196374,0,1.276,,0.18,0.28,0.27,0.57,0.74,0.408,2245.008483,,2245.008483,
Zwitserland,CHE,2015,CME,1.234425,,546805.519,294450,50591,13993,17.18152488,17.182,17.182,4.752249958,0,,,0.18,0.28,0.27,0.57,0.74,0.408,2292.376984,,2292.376984,
Zwitserland,CHE,2016,CME,1.221542,,570267.342,295149,51911,14416,17.58806569,17.588,17.588,4.884312669,0,,,0.18,0.28,0.27,0.57,0.74,0.408,2360.182516,,2360.182516,
Zwitserland,CHE,2017,CME,1.244379,,584052.298,300618,53368,15098,17.75276264,17.753,17.753,5.022320686,0,,,0.18,0.28,0.27,0.57,0.74,0.408,2417.627735,,2417.627735,
Zwitserland,CHE,2018,CME,1.231753,,610525.001,306743,54279,15756,17.69526933,17.695,17.695,5.136547533,0,,,0.18,0.28,0.27,0.57,0.74,0.408,2451.615853,,2451.615853,
Frankrijk,FRA,2008,SME,1.121222,0.2516789,2259255.844,2164538,243436,184261,11.246557,,11.246557,8.512717263,1,1.209,0.247,0.4,0.4,0.6,0.38,0.38,0.432,1170.285463,262.6920967,1170.285463,262.6920967
Frankrijk,FRA,2009,SME,1.210475,0.2470329,2245566.431,2172855,249143,191321,11.46615858,,11.46615858,8.805051419,1,1.187,0.262,0.4,0.4,0.6,0.38,0.38,0.432,1250.981785,255.2994966,1250.981785,255.2994966
Frankrijk,FRA,2010,SME,1.188449,0.2624131,2336459.963,2245097,259935,198996,11.57789619,,11.57789619,8.863581395,1,1.156,0.274,0.4,0.4,0.6,0.38,0.38,0.432,1236.812265,273.0918539,1236.812265,273.0918539
Frankrijk,FRA,2011,SME,1.156935,0.274154,2446474.544,2259448,268212,207053,11.870687,,11.870687,9.163875424,1,1.133,0.286,0.4,0.4,0.6,0.38,0.38,0.432,1252.700671,296.8471866,1252.700671,296.8471866
Frankrijk,FRA,2012,SME,1.131791,0.2858957,2474005.287,2296306,271399,208603,11.81893877,,11.81893877,9.084285805,1,1.14,0.305,0.4,0.4,0.6,0.38,0.38,0.432,1219.374473,308.0196948,1219.374473,308.0196948
Frankrijk,FRA,2013,SME,1.138958,0.3051404,2608523.504,2338135,228639,173570,9.778691136,9.779,9.779,7.423437911,0,1.141,0.31,0.4,0.4,0.6,0.38,0.38,0.432,1270.670305,340.4276936,1270.670305,340.4276936
Frankrijk,FRA,2014,SME,1.140018,0.3096292,2662032.873,2388880,235123,176844,9.842394762,9.842,9.842,7.402799638,0,1.14,0.297,0.4,0.4,0.6,0.38,0.38,0.432,1270.371635,345.0332829,1270.371635,345.0332829
Frankrijk,FRA,2015,SME,1.137493,0.2966569,2718495.127,2424158,239409,182770,9.87596518,9.876,9.876,7.539525064,0,,,0.4,0.4,0.6,0.38,0.38,0.432,1275.605459,332.6764745,1275.605459,332.6764745
Frankrijk,FRA,2016,SME,1.114654,0.3073233,2864105.631,2480186,245349,186010,9.892362911,9.892,9.892,7.499840738,0,,,0.4,0.4,0.6,0.38,0.38,0.432,1287.196524,354.8953159,1287.196524,354.8953159
Frankrijk,FRA,2017,SME,1.119547,0.3073555,2983010.673,2532831,258380,199706,10.20123332,10.201,10.201,7.884695031,0,,,0.4,0.4,0.6,0.38,0.38,0.432,1318.53276,361.9841738,1318.53276,361.9841738
Frankrijk,FRA,2018,SME,1.124924,0.3188065,3124870.045,2618729,229623,192631,8.768490363,8.768,8.768,7.355896696,0,,,0.4,0.4,0.6,0.38,0.38,0.432,1342.346348,380.4245808,1342.346348,380.4245808
Griekenland,GRC,2008,SME,,,341817.829,635206.9224,,,,,,,,,,0.85,0.75,0.05,0.83,0.16,0.528,,,,
Griekenland,GRC,2009,SME,,,337447.85,645132.4852,,,,,,,,,,0.85,0.75,0.05,0.83,0.16,0.528,,,,
Griekenland,GRC,2010,SME,,,310668.24,641844,26835,11037,4.180922467,,4.180922467,1.71957672,1,,,0.85,0.75,0.05,0.83,0.16,0.528,,,,
Griekenland,GRC,2011,SME,,,285079.561,660741,32828,13232,4.968361279,,4.968361279,2.002600111,1,,,0.85,0.75,0.05,0.83,0.16,0.528,,,,
Griekenland,GRC,2012,SME,0.7546523,0.0879029,275155.48,663698,29012,12941,4.371265244,,4.371265244,1.949832605,1,0.649,0.109,0.85,0.75,0.05,0.83,0.16,0.528,312.8632538,36.44272643,312.8632538,36.44272643
Griekenland,GRC,2013,SME,0.6524193,0.1094688,284524.655,659284,27600,,4.186359748,4.186,4.186,,0,0.644,0.124,0.85,0.75,0.05,0.83,0.16,0.528,281.5620829,47.24302812,281.5620829,47.24302812
Griekenland,GRC,2014,SME,0.6491024,0.1248635,290197.021,677429,,,,4.194,4.194,,0,0.725,0.114,0.85,0.75,0.05,0.83,0.16,0.528,278.0624727,53.48902355,278.0624727,53.48902355
Griekenland,GRC,2015,SME,0.7258541,0.1144736,289145.992,704685.8618,,,,3.205,3.205,,0,,,0.85,0.75,0.05,0.83,0.16,0.528,297.8317221,46.97069208,297.8317221,46.97069208
Griekenland,GRC,2016,SME,0.6304024,,296029.545,709488,23734,6064,3.345229236,3.345,3.345,0.854700855,0,,,0.85,0.75,0.05,0.83,0.16,0.528,263.0315603,,263.0315603,
Griekenland,GRC,2017,SME,0.6223678,0.1174455,308068.164,735027,25067,4507,3.410350912,3.41,3.41,0.613174754,0,,,0.85,0.75,0.05,0.83,0.16,0.528,260.849881,49.22434081,260.849881,49.22434081
Griekenland,GRC,2018,SME,0.6620562,0.1197545,318561.979,766874,26325,4631,3.432767312,3.433,3.433,0.603880168,0,,,0.85,0.75,0.05,0.83,0.16,0.528,275.0203205,49.74641273,275.0203205,49.74641273
Italië,ITA,2008,SME,0.641295,0.2663939,2089717.307,2013856,68306,39074,3.391801599,,3.391801599,1.940257893,1,0.646,0.296,0.79,0.49,0.2,0.86,0.72,0.612,665.4523761,276.4288724,665.4523761,276.4288724
Italië,ITA,2009,SME,0.6445709,0.2953997,2046377.425,2011713,65873,46873,3.274473049,,3.274473049,2.33000433,1,0.633,0.303,0.79,0.49,0.2,0.86,0.72,0.612,655.6776929,300.4898201,655.6776929,300.4898201
Italië,ITA,2010,SME,0.6306764,0.3021785,2085694.44,1980399,69905,46152,3.529844238,,3.529844238,2.330439472,1,0.624,0.314,0.79,0.49,0.2,0.86,0.72,0.612,664.2087079,318.2449685,664.2087079,318.2449685
Italië,ITA,2011,SME,0.6193513,0.3123318,2173169.961,1967569,73584,54928,3.739843431,,3.739843431,2.791668297,1,0.606,0.313,0.79,0.49,0.2,0.86,0.72,0.612,684.0703632,344.9688858,684.0703632,344.9688858
Italië,ITA,2012,SME,0.6018897,0.3106086,2172383.108,1925930,77732,59244,4.036076078,,4.036076078,3.076124262,1,0.631,0.308,0.79,0.49,0.2,0.86,0.72,0.612,678.9109766,350.3558675,678.9109766,350.3558675
Italië,ITA,2013,SME,0.6276676,0.3062336,2187376.607,1872693,82450,62579,4.402750478,4.41,4.41,3.341658243,0,0.609,0.329,0.79,0.49,0.2,0.86,0.72,0.612,733.1396151,357.6924851,733.1396151,357.6924851
Italië,ITA,2014,SME,0.6072653,0.32773,2200256.409,1854360,87544,66534,4.720981902,4.734,4.734,3.587976445,0,0.57,0.326,0.79,0.49,0.2,0.86,0.72,0.612,720.5393604,388.8619432,720.5393604,388.8619432
Italië,ITA,2015,SME,0.5687661,0.3258611,2240922.483,1826477,90419,69492,4.950459272,4.95,4.95,3.80470162,0,,,0.79,0.49,0.2,0.86,0.72,0.612,697.8246871,399.8021685,697.8246871,399.8021685
Italië,ITA,2016,SME,0.5426367,0.3199512,2420672.141,1815950,92655,72150,5.102288059,5.102,5.102,3.973127013,0,,,0.79,0.49,0.2,0.86,0.72,0.612,723.3379456,426.4968509,723.3379456,426.4968509
Italië,ITA,2017,SME,0.5551374,0.3155293,2517184.468,1837051,97563,76077,5.310848746,5.311,5.311,4.14125683,0,,,0.79,0.49,0.2,0.86,0.72,0.612,760.666547,432.3480694,760.666547,432.3480694
Italië,ITA,2018,SME,0.5585754,0.3237114,2605604.586,1895990,106611,83016,5.622972695,5.623,5.623,4.378504106,0,,,0.79,0.49,0.2,0.86,0.72,0.612,767.6341246,444.8672769,767.6341246,444.8672769
Portugal,PRT,2008,SME,0.7728194,0.4720397,281542.549,376917,8102,6585,2.14954486,,2.14954486,1.747068983,1,0.878,0.36,0.77,0.83,0.05,0.57,0.02,0.448,577.266464,352.5955591,577.266464,352.5955591
Portugal,PRT,2009,SME,0.8785128,0.3599482,279829.997,373002,9135,7500,2.449048531,,2.449048531,2.010713079,1,0.909,0.408,0.77,0.83,0.05,0.57,0.02,0.448,659.06948,270.0368999,659.06948,270.0368999
Portugal,PRT,2010,SME,0.9102976,0.4091217,288463.417,383627,11034,8479,2.876231339,2.876,2.876,2.210219823,0,0.853,0.391,0.77,0.83,0.05,0.57,0.02,0.448,684.4866398,307.6338307,684.4866398,307.6338307
Portugal,PRT,2011,SME,0.8535207,0.3914374,282620.91,396268,13356,10034,3.370446264,3.37,3.37,2.532124724,0,0.67,0.565,0.77,0.83,0.05,0.57,0.02,0.448,608.7365039,279.1756947,608.7365039,279.1756947
Portugal,PRT,2012,SME,0.6703711,0.5652454,277991.759,390273,18525,11576,4.746677326,3.47,3.47,2.966128838,0,0.737,0.532,0.77,0.83,0.05,0.57,0.02,0.448,477.5058517,402.6247345,477.5058517,402.6247345
Portugal,PRT,2013,SME,0.7363031,0.5316044,292135.199,371000,14541,11573,3.919407008,4.03,4.03,3.119407008,0,0.77,0.465,0.77,0.83,0.05,0.57,0.02,0.448,579.7845085,418.5993455,579.7845085,418.5993455
Portugal,PRT,2014,SME,0.7698035,0.4648385,298951.673,362200,14883,12698,4.10905577,4.246,4.246,3.505797902,0,0.749,0.407,0.77,0.83,0.05,0.57,0.02,0.448,635.3783661,383.6671652,635.3783661,383.6671652
Portugal,PRT,2015,SME,0.7491929,0.4071153,307230.008,337507,16888,14008,5.00374807,5.004,5.004,4.150432435,0,,,0.77,0.83,0.05,0.57,0.02,0.448,681.9844941,370.5939044,681.9844941,370.5939044
Portugal,PRT,2016,SME,0.7073579,0.3640004,326364.379,343117,21272.17582,16603,,5.775,5.775,4.838874203,0,,,0.77,0.83,0.05,0.57,0.02,0.448,672.8212877,346.228151,672.8212877,346.228151
Portugal,PRT,2017,SME,0.6994143,0.3854102,340370.325,346963,22194,18812,6.396647481,6.397,6.397,5.421903776,0,,,0.77,0.83,0.05,0.57,0.02,0.448,686.1246663,378.0869863,686.1246663,378.0869863
Portugal,PRT,2018,SME,0.6794092,0.3633307,359232.261,356390,28122,23736,7.890793793,7.891,7.891,6.660119532,0,,,0.77,0.83,0.05,0.57,0.02,0.448,684.8275851,366.2283141,684.8275851,366.2283141
Spanje,ESP,2008,SME,0.9418286,0.2524094,1528583.756,1781019,37726,25789,2.118225578,,2.118225578,1.44799129,1,1.009,0.267,0.45,0.63,0.2,0.17,0.13,0.316,808.3371929,216.6337971,808.3371929,216.6337971
Spanje,ESP,2009,SME,1.018049,0.2691893,1488992.726,1800834,48517,35155,2.694140604,,2.694140604,1.952151059,1,1.023,0.285,0.45,0.63,0.2,0.17,0.13,0.316,841.7586272,222.5751566,841.7586272,222.5751566
Spanje,ESP,2010,SME,1.03082,0.287024,1476808.758,1878973,56018,41514,2.981309471,3.004,3.004,2.209398432,0,0.999,0.291,0.45,0.63,0.2,0.17,0.13,0.316,810.1893981,225.5910846,810.1893981,225.5910846
Spanje,ESP,2011,SME,1.005349,0.2923992,1489594.952,1950482,62636,44546,3.211308794,3.211,3.211,2.283845737,0,0.905,0.334,0.45,0.63,0.2,0.17,0.13,0.316,767.7911385,223.3070453,767.7911385,223.3070453
Spanje,ESP,2012,SME,0.9129882,0.3368196,1483646.902,1965829,55759,40030,2.836411509,2.836,2.836,2.036291051,0,0.879,0.389,0.45,0.63,0.2,0.17,0.13,0.316,689.0488005,254.2038784,689.0488005,254.2038784
Spanje,ESP,2013,SME,0.8837213,0.3914905,1512074.431,1969413,56361,39474,2.861817201,2.862,2.862,2.004353581,0,0.853,0.393,0.45,0.63,0.2,0.17,0.13,0.316,678.5028746,300.5782815,678.5028746,300.5782815
Spanje,ESP,2014,SME,0.8574864,0.3951935,1558306.999,1982162,,,,2.434,2.434,,0,0.85,0.407,0.45,0.63,0.2,0.17,0.13,0.316,674.1260597,310.6874196,674.1260597,310.6874196
Spanje,ESP,2015,SME,0.8518408,0.4079603,1621069.826,1963924,,,,2.726,2.726,,0,,,0.45,0.63,0.2,0.17,0.13,0.316,703.1297634,336.7401857,703.1297634,336.7401857
Spanje,ESP,2016,SME,0.8172237,0.4094982,1733213.64,1968702,49837,31901,2.531464894,2.531,2.531,1.620407761,0,,,0.45,0.63,0.2,0.17,0.13,0.316,719.4706277,360.5156422,719.4706277,360.5156422
Spanje,ESP,2017,SME,0.8292834,0.4030436,1841779.72,2010183,64927,42154,3.229904939,3.23,3.23,2.097023007,0,,,0.45,0.63,0.2,0.17,0.13,0.316,759.810101,369.2785825,759.810101,369.2785825
Spanje,ESP,2018,SME,0.8178063,0.4260387,1905614.461,2051826,70912,46226,3.456043544,3.456,3.456,2.252920082,0,,,0.45,0.63,0.2,0.17,0.13,0.316,759.5300535,395.6795107,759.5300535,395.6795107
